500.12,4.59E-18,5.67E-18,3.62E-25,4.01E-24
500.57,4.66E-18,5.69E-18,3.79E-25,4.14E-24
501.02,4.73E-18,5.72E-18,3.97E-25,4.28E-24
501.47,4.80E-18,5.75E-18,4.15E-25,4.42E-24
501.92,4.87E-18,5.77E-18,4.34E-25,4.57E-24
502.38,4.95E-18,5.80E-18,4.55E-25,4.72E-24
502.83,5.02E-18,5.83E-18,4.76E-25,4.88E-24
503.28,5.10E-18,5.86E-18,4.98E-25,5.04E-24
503.73,5.18E-18,5.89E-18,5.21E-25,5.21E-24
504.18,5.25E-18,5.92E-18,5.45E-25,5.38E-24
504.63,5.33E-18,5.94E-18,5.70E-25,5.56E-24
505.09,5.41E-18,5.97E-18,5.97E-25,5.75E-24
505.54,5.50E-18,6.00E-18,6.25E-25,5.94E-24
505.99,5.58E-18,6.03E-18,6.54E-25,6.14E-24
506.44,5.66E-18,6.07E-18,6.84E-25,6.35E-24
506.89,5.75E-18,6.10E-18,7.16E-25,6.56E-24
507.34,5.84E-18,6.13E-18,7.49E-25,6.78E-24
507.79,5.92E-18,6.16E-18,7.83E-25,7.00E-24
508.25,6.02E-18,6.19E-18,8.20E-25,7.24E-24
508.7,6.11E-18,6.23E-18,8.58E-25,7.48E-24
509.15,6.20E-18,6.26E-18,8.98E-25,7.73E-24
509.6,6.29E-18,6.29E-18,9.40E-25,7.99E-24
510.05,6.39E-18,6.33E-18,9.83E-25,8.26E-24
510.5,6.48E-18,6.36E-18,1.03E-24,8.53E-24
510.95,6.58E-18,6.39E-18,1.08E-24,8.81E-24
511.4,6.68E-18,6.43E-18,1.13E-24,9.11E-24
511.85,6.78E-18,6.46E-18,1.18E-24,9.41E-24
512.31,6.89E-18,6.50E-18,1.23E-24,9.73E-24
512.76,6.99E-18,6.54E-18,1.29E-24,1.01E-23
513.21,7.10E-18,6.57E-18,1.35E-24,1.04E-23
513.66,7.20E-18,6.61E-18,1.41E-24,1.07E-23
514.11,7.31E-18,6.65E-18,1.48E-24,1.11E-23
514.56,7.42E-18,6.69E-18,1.55E-24,1.15E-23
515.01,7.53E-18,6.43E-18,1.62E-24,1.18E-23
515.46,7.65E-18,6.40E-18,1.69E-24,1.22E-23
515.91,7.76E-18,6.37E-18,1.77E-24,1.26E-23
516.36,7.88E-18,6.33E-18,1.85E-24,1.31E-23
516.81,8.00E-18,6.30E-18,1.94E-24,1.35E-23
517.26,8.12E-18,6.27E-18,2.03E-24,1.40E-23
517.71,8.24E-18,6.24E-18,2.12E-24,1.44E-23
518.17,8.37E-18,6.21E-18,2.22E-24,1.49E-23
518.62,8.50E-18,6.18E-18,2.33E-24,1.54E-23
519.07,8.62E-18,6.15E-18,2.43E-24,1.59E-23
519.52,8.75E-18,6.22E-18,2.55E-24,1.65E-23
519.97,8.89E-18,6.29E-18,2.66E-24,1.70E-23
520.42,9.02E-18,6.36E-18,2.79E-24,1.76E-23
520.87,9.16E-18,6.43E-18,2.92E-24,1.82E-23
521.32,9.29E-18,6.50E-18,3.05E-24,1.88E-23
521.77,9.44E-18,6.58E-18,3.19E-24,1.94E-23
522.22,9.58E-18,6.65E-18,3.34E-24,2.00E-23
522.67,9.72E-18,6.72E-18,3.49E-24,2.07E-23
523.12,9.87E-18,6.79E-18,3.66E-24,2.14E-23
523.57,1.00E-17,6.86E-18,3.82E-24,2.21E-23
524.02,1.02E-17,6.93E-18,4.00E-24,2.28E-23
524.47,1.03E-17,7.01E-18,4.19E-24,2.36E-23
524.92,1.05E-17,7.08E-18,4.38E-24,2.44E-23
525.37,1.06E-17,7.15E-18,4.58E-24,2.52E-23
525.82,1.08E-17,7.22E-18,4.79E-24,2.60E-23
526.27,1.10E-17,7.25E-18,5.02E-24,2.69E-23
526.72,1.11E-17,7.27E-18,5.25E-24,2.78E-23
527.17,1.13E-17,7.30E-18,5.49E-24,2.87E-23
527.62,1.15E-17,7.32E-18,5.74E-24,2.97E-23
528.07,1.16E-17,7.35E-18,6.01E-24,3.07E-23
528.52,1.18E-17,7.37E-18,6.29E-24,3.17E-23
528.97,1.20E-17,7.40E-18,6.58E-24,3.27E-23
529.42,1.22E-17,7.42E-18,6.88E-24,3.38E-23
529.87,1.24E-17,7.45E-18,7.20E-24,3.50E-23
530.32,1.25E-17,7.47E-18,7.54E-24,3.61E-23
530.77,1.27E-17,7.50E-18,7.88E-24,3.73E-23
531.22,1.29E-17,7.52E-18,8.25E-24,3.86E-23
531.67,1.31E-17,7.55E-18,8.63E-24,3.99E-23
532.12,1.33E-17,7.57E-18,9.03E-24,4.12E-23
532.57,1.35E-17,7.60E-18,9.45E-24,4.26E-23
533.02,1.37E-17,7.62E-18,9.88E-24,4.40E-23
533.47,1.39E-17,7.71E-18,1.03E-23,4.54E-23
533.92,1.41E-17,7.84E-18,1.08E-23,4.69E-23
534.37,1.44E-17,7.97E-18,1.13E-23,4.85E-23
534.82,1.46E-17,8.10E-18,1.18E-23,5.01E-23
535.27,1.48E-17,8.23E-18,1.24E-23,5.18E-23
535.72,1.50E-17,8.36E-18,1.30E-23,5.35E-23
536.17,1.52E-17,8.49E-18,1.36E-23,5.53E-23
536.62,1.55E-17,8.62E-18,1.42E-23,5.71E-23
537.07,1.57E-17,8.75E-18,1.48E-23,5.90E-23
537.52,1.59E-17,8.88E-18,1.55E-23,6.10E-23
537.96,1.62E-17,9.01E-18,1.62E-23,6.30E-23
538.41,1.64E-17,9.14E-18,1.70E-23,6.51E-23
538.86,1.67E-17,9.25E-18,1.78E-23,6.73E-23
539.31,1.69E-17,9.36E-18,1.86E-23,6.95E-23
539.76,1.72E-17,9.46E-18,1.95E-23,7.18E-23
540.21,1.73E-17,9.57E-18,2.04E-23,7.42E-23
540.66,1.76E-17,9.67E-18,2.13E-23,7.67E-23
541.11,1.79E-17,9.78E-18,2.23E-23,7.92E-23
541.56,1.82E-17,9.88E-18,2.33E-23,8.19E-23
542.01,1.85E-17,9.99E-18,2.44E-23,8.46E-23
542.46,1.88E-17,1.01E-17,2.55E-23,8.74E-23
542.91,1.91E-17,1.02E-17,2.67E-23,9.03E-23
543.35,1.94E-17,1.03E-17,2.79E-23,9.33E-23
543.8,1.97E-17,1.04E-17,2.92E-23,9.64E-23
544.25,2.00E-17,1.05E-17,3.05E-23,9.96E-23
544.7,2.03E-17,1.06E-17,3.20E-23,1.03E-22
545.15,2.07E-17,1.08E-17,3.34E-23,1.06E-22
545.6,2.10E-17,1.09E-17,3.50E-23,1.10E-22
546.05,2.13E-17,1.10E-17,3.66E-23,1.14E-22
546.5,2.17E-17,1.11E-17,3.83E-23,1.17E-22
546.95,2.20E-17,1.13E-17,4.01E-23,1.21E-22
547.39,2.24E-17,1.14E-17,4.19E-23,1.25E-22
547.84,2.27E-17,1.15E-17,4.38E-23,1.29E-22
548.29,2.31E-17,1.16E-17,4.58E-23,1.34E-22
548.74,2.34E-17,1.17E-17,4.80E-23,1.38E-22
549.19,2.38E-17,1.19E-17,5.02E-23,1.43E-22
549.64,2.41E-17,1.20E-17,5.25E-23,1.47E-22
550.09,2.45E-17,1.21E-17,5.49E-23,1.52E-22
550.53,2.48E-17,1.22E-17,5.74E-23,1.57E-22
550.98,2.52E-17,1.24E-17,6.01E-23,1.63E-22
551.43,2.55E-17,1.25E-17,6.28E-23,1.68E-22
551.88,2.59E-17,1.26E-17,6.57E-23,1.74E-22
552.33,2.63E-17,1.27E-17,6.88E-23,1.79E-22
552.78,2.67E-17,1.28E-17,7.20E-23,1.85E-22
553.23,2.71E-17,1.29E-17,7.53E-23,1.92E-22
553.67,2.75E-17,1.30E-17,7.87E-23,1.98E-22
554.12,2.79E-17,1.31E-17,8.23E-23,2.04E-22
554.57,2.83E-17,1.32E-17,8.62E-23,2.11E-22
555.02,2.87E-17,1.33E-17,9.01E-23,2.18E-22
555.47,2.91E-17,1.34E-17,9.43E-23,2.25E-22
555.92,2.95E-17,1.35E-17,9.87E-23,2.33E-22
556.36,2.99E-17,1.36E-17,1.03E-22,2.41E-22
556.81,3.03E-17,1.37E-17,1.08E-22,2.49E-22
557.26,3.07E-17,1.38E-17,1.13E-22,2.57E-22
557.71,3.11E-17,1.39E-17,1.18E-22,2.65E-22
558.16,3.16E-17,1.40E-17,1.24E-22,2.74E-22
558.6,3.21E-17,1.40E-17,1.29E-22,2.83E-22
559.05,3.26E-17,1.41E-17,1.35E-22,2.93E-22
559.5,3.31E-17,1.41E-17,1.41E-22,3.02E-22
559.95,3.36E-17,1.43E-17,1.48E-22,3.12E-22
560.4,3.41E-17,1.46E-17,1.55E-22,3.23E-22
560.84,3.46E-17,1.48E-17,1.62E-22,3.33E-22
561.29,3.51E-17,1.51E-17,1.69E-22,3.44E-22
561.74,3.56E-17,1.53E-17,1.77E-22,3.56E-22
562.19,3.61E-17,1.56E-17,1.85E-22,3.68E-22
562.63,3.66E-17,1.58E-17,1.94E-22,3.80E-22
563.08,3.71E-17,1.61E-17,2.03E-22,3.92E-22
563.53,3.77E-17,1.63E-17,2.12E-22,4.05E-22
563.98,3.83E-17,1.65E-17,2.22E-22,4.19E-22
564.43,3.89E-17,1.67E-17,2.32E-22,4.33E-22
564.87,3.95E-17,1.69E-17,2.43E-22,4.47E-22
565.32,4.01E-17,1.71E-17,2.54E-22,4.62E-22
565.77,4.07E-17,1.73E-17,2.65E-22,4.77E-22
566.22,4.13E-17,1.76E-17,2.78E-22,4.93E-22
566.66,4.19E-17,1.78E-17,2.90E-22,5.09E-22
567.11,4.25E-17,1.80E-17,3.04E-22,5.26E-22
567.56,4.31E-17,1.82E-17,3.18E-22,5.44E-22
568.01,4.38E-17,1.84E-17,3.32E-22,5.62E-22
568.45,4.44E-17,1.86E-17,3.47E-22,5.80E-22
568.9,4.51E-17,1.87E-17,3.64E-22,6.00E-22
569.35,4.58E-17,1.89E-17,3.80E-22,6.19E-22
569.8,4.65E-17,1.91E-17,3.98E-22,6.40E-22
570.24,4.72E-17,1.93E-17,4.16E-22,6.61E-22
570.69,4.79E-17,1.94E-17,4.35E-22,6.83E-22
571.14,4.86E-17,1.96E-17,4.55E-22,7.06E-22
571.58,4.93E-17,1.98E-17,4.76E-22,7.29E-22
572.03,5.00E-17,2.01E-17,4.98E-22,7.53E-22
572.48,5.08E-17,2.05E-17,5.21E-22,7.78E-22
572.93,5.16E-17,2.09E-17,5.45E-22,8.04E-22
573.37,5.24E-17,2.13E-17,5.70E-22,8.30E-22
573.82,5.32E-17,2.17E-17,5.96E-22,8.58E-22
574.27,5.40E-17,2.21E-17,6.24E-22,8.86E-22
574.71,5.48E-17,2.25E-17,6.52E-22,9.15E-22
575.16,5.56E-17,2.28E-17,6.82E-22,9.46E-22
575.61,5.64E-17,2.32E-17,7.13E-22,9.77E-22
576.05,5.73E-17,2.36E-17,7.46E-22,1.01E-21
576.5,5.83E-17,2.39E-17,7.80E-22,1.04E-21
576.95,5.92E-17,2.43E-17,8.16E-22,1.08E-21
577.39,6.01E-17,2.46E-17,8.53E-22,1.11E-21
577.84,6.11E-17,2.49E-17,8.93E-22,1.15E-21
578.29,6.20E-17,2.53E-17,9.34E-22,1.19E-21
578.74,6.30E-17,2.56E-17,9.77E-22,1.23E-21
579.18,6.39E-17,2.59E-17,1.02E-21,1.27E-21
579.63,6.50E-17,2.62E-17,1.07E-21,1.31E-21
580.08,6.60E-17,2.65E-17,1.12E-21,1.35E-21
580.52,6.70E-17,2.68E-17,1.17E-21,1.40E-21
580.97,6.81E-17,2.72E-17,1.22E-21,1.44E-21
581.41,6.91E-17,2.76E-17,1.28E-21,1.49E-21
581.86,7.02E-17,2.80E-17,1.34E-21,1.54E-21
582.31,7.13E-17,2.83E-17,1.40E-21,1.59E-21
582.75,7.23E-17,2.87E-17,1.46E-21,1.64E-21
583.2,7.34E-17,2.90E-17,1.53E-21,1.70E-21
583.65,7.46E-17,2.94E-17,1.60E-21,1.75E-21
584.09,7.56E-17,2.98E-17,1.67E-21,1.81E-21
584.54,7.67E-17,3.01E-17,1.75E-21,1.87E-21
584.99,7.79E-17,3.05E-17,1.83E-21,1.93E-21
585.43,7.90E-17,3.08E-17,1.91E-21,2.00E-21
585.88,8.02E-17,3.11E-17,2.00E-21,2.06E-21
586.32,8.14E-17,3.15E-17,2.09E-21,2.13E-21
586.77,8.26E-17,3.18E-17,2.19E-21,2.20E-21
587.22,8.37E-17,3.22E-17,2.29E-21,2.28E-21
587.66,8.50E-17,3.25E-17,2.39E-21,2.35E-21
588.11,8.62E-17,3.28E-17,2.51E-21,2.43E-21
588.56,8.75E-17,3.31E-17,2.62E-21,2.51E-21
589,8.87E-17,3.34E-17,2.74E-21,2.59E-21
589.45,9.00E-17,3.37E-17,2.87E-21,2.68E-21
589.89,9.12E-17,3.41E-17,3.00E-21,2.76E-21
590.34,9.25E-17,3.45E-17,3.13E-21,2.86E-21
590.79,9.38E-17,3.49E-17,3.28E-21,2.95E-21
591.23,9.50E-17,3.54E-17,3.43E-21,3.05E-21
591.68,9.63E-17,3.58E-17,3.59E-21,3.15E-21
592.12,9.75E-17,3.63E-17,3.75E-21,3.25E-21
592.57,9.87E-17,3.68E-17,3.92E-21,3.36E-21
593.01,9.98E-17,3.72E-17,4.10E-21,3.47E-21
593.46,1.01E-16,3.77E-17,4.29E-21,3.59E-21
593.91,1.02E-16,3.82E-17,4.49E-21,3.70E-21
594.35,1.03E-16,3.87E-17,4.69E-21,3.83E-21
594.8,1.04E-16,3.92E-17,4.91E-21,3.95E-21
595.24,1.06E-16,3.96E-17,5.13E-21,4.08E-21
595.69,1.07E-16,4.01E-17,5.37E-21,4.22E-21
596.13,1.08E-16,4.06E-17,5.61E-21,4.35E-21
596.58,1.09E-16,4.11E-17,5.87E-21,4.50E-21
597.03,1.10E-16,4.16E-17,6.14E-21,4.65E-21
597.47,1.11E-16,4.20E-17,6.42E-21,4.80E-21
597.92,1.13E-16,4.25E-17,6.71E-21,4.96E-21
598.36,1.14E-16,4.30E-17,7.02E-21,5.12E-21
598.81,1.15E-16,4.35E-17,7.34E-21,5.29E-21
599.25,1.16E-16,4.40E-17,7.67E-21,5.47E-21
599.7,1.17E-16,4.46E-17,8.03E-21,5.65E-21
600.14,1.18E-16,4.52E-17,8.39E-21,5.83E-21
600.59,1.19E-16,4.57E-17,8.78E-21,6.03E-21
601.03,1.21E-16,4.63E-17,9.17E-21,6.22E-21
601.48,1.22E-16,4.68E-17,9.60E-21,6.43E-21
601.92,1.23E-16,4.74E-17,1.00E-20,6.64E-21
602.37,1.24E-16,4.80E-17,1.05E-20,6.86E-21
602.82,1.25E-16,4.86E-17,1.10E-20,7.09E-21
603.26,1.26E-16,4.92E-17,1.15E-20,7.32E-21
603.71,1.27E-16,4.99E-17,1.20E-20,7.56E-21
604.15,1.28E-16,5.05E-17,1.26E-20,7.81E-21
604.6,1.29E-16,5.11E-17,1.31E-20,8.07E-21
605.04,1.30E-16,5.17E-17,1.37E-20,8.33E-21
605.49,1.30E-16,5.23E-17,1.44E-20,8.61E-21
605.93,1.31E-16,5.30E-17,1.50E-20,8.89E-21
606.38,1.32E-16,5.36E-17,1.57E-20,9.18E-21
606.82,1.33E-16,5.42E-17,1.64E-20,9.48E-21
607.27,1.34E-16,5.49E-17,1.72E-20,9.80E-21
607.71,1.35E-16,5.55E-17,1.80E-20,1.01E-20
608.15,1.36E-16,5.61E-17,1.88E-20,1.04E-20
608.6,1.37E-16,5.68E-17,1.96E-20,1.08E-20
609.04,1.37E-16,5.74E-17,2.05E-20,1.11E-20
609.49,1.38E-16,5.81E-17,2.15E-20,1.15E-20
609.93,1.39E-16,5.87E-17,2.24E-20,1.19E-20
610.38,1.40E-16,5.93E-17,2.35E-20,1.23E-20
610.82,1.41E-16,6.00E-17,2.45E-20,1.27E-20
611.27,1.42E-16,6.06E-17,2.57E-20,1.31E-20
611.71,1.42E-16,6.13E-17,2.68E-20,1.35E-20
612.16,1.43E-16,6.19E-17,2.81E-20,1.40E-20
612.6,1.44E-16,6.26E-17,2.93E-20,1.44E-20
613.05,1.45E-16,6.32E-17,3.07E-20,1.49E-20
613.49,1.46E-16,6.38E-17,3.21E-20,1.54E-20
613.93,1.47E-16,6.47E-17,3.35E-20,1.59E-20
614.38,1.48E-16,6.55E-17,3.51E-20,1.64E-20
614.82,1.49E-16,6.64E-17,3.67E-20,1.70E-20
615.27,1.50E-16,6.72E-17,3.84E-20,1.75E-20
615.71,1.51E-16,6.80E-17,4.01E-20,1.81E-20
616.16,1.52E-16,6.88E-17,4.20E-20,1.87E-20
616.6,1.53E-16,6.96E-17,4.39E-20,1.93E-20
617.04,1.54E-16,7.04E-17,4.58E-20,2.00E-20
617.49,1.55E-16,7.12E-17,4.80E-20,2.06E-20
617.93,1.56E-16,7.20E-17,5.01E-20,2.13E-20
618.38,1.57E-16,7.28E-17,5.24E-20,2.20E-20
618.82,1.59E-16,7.34E-17,5.48E-20,2.27E-20
619.27,1.60E-16,7.41E-17,5.73E-20,2.35E-20
619.71,1.61E-16,7.48E-17,5.99E-20,2.42E-20
620.15,1.63E-16,7.55E-17,6.26E-20,2.50E-20
620.6,1.64E-16,7.62E-17,6.55E-20,2.59E-20
621.04,1.65E-16,7.68E-17,6.85E-20,2.67E-20
621.49,1.67E-16,7.75E-17,7.17E-20,2.76E-20
621.93,1.68E-16,7.81E-17,7.49E-20,2.85E-20
622.37,1.70E-16,7.87E-17,7.83E-20,2.94E-20
622.82,1.71E-16,7.97E-17,8.19E-20,3.04E-20
623.26,1.73E-16,8.08E-17,8.56E-20,3.14E-20
623.7,1.74E-16,8.19E-17,8.95E-20,3.24E-20
624.15,1.76E-16,8.30E-17,9.36E-20,3.35E-20
624.59,1.77E-16,8.41E-17,9.79E-20,3.46E-20
625.04,1.79E-16,8.53E-17,1.02E-19,3.57E-20
625.48,1.80E-16,8.63E-17,1.07E-19,3.69E-20
625.92,1.82E-16,8.73E-17,1.12E-19,3.81E-20
626.37,1.84E-16,8.83E-17,1.17E-19,3.94E-20
626.81,1.86E-16,8.93E-17,1.22E-19,4.07E-20
627.25,1.88E-16,9.02E-17,1.28E-19,4.20E-20
627.7,1.90E-16,9.11E-17,1.34E-19,4.34E-20
628.14,1.92E-16,9.20E-17,1.40E-19,4.48E-20
628.58,1.94E-16,9.30E-17,1.46E-19,4.63E-20
629.03,1.96E-16,9.39E-17,1.53E-19,4.78E-20
629.47,1.98E-16,9.49E-17,1.60E-19,4.93E-20
629.92,2.01E-16,9.59E-17,1.67E-19,5.10E-20
630.36,2.03E-16,9.68E-17,1.75E-19,5.27E-20
630.8,2.05E-16,9.78E-17,1.83E-19,5.44E-20
631.25,2.07E-16,9.87E-17,1.91E-19,5.62E-20
631.69,2.09E-16,9.97E-17,2.00E-19,5.80E-20
632.13,2.11E-16,1.01E-16,2.09E-19,5.99E-20
632.57,2.13E-16,1.02E-16,2.18E-19,6.18E-20
633.02,2.16E-16,1.03E-16,2.28E-19,6.39E-20
633.46,2.18E-16,1.03E-16,2.39E-19,6.60E-20
633.9,2.20E-16,1.04E-16,2.49E-19,6.81E-20
634.35,2.22E-16,1.05E-16,2.61E-19,7.04E-20
634.79,2.25E-16,1.06E-16,2.73E-19,7.27E-20
635.23,2.27E-16,1.07E-16,2.85E-19,7.51E-20
635.68,2.29E-16,1.08E-16,2.98E-19,7.76E-20
636.12,2.32E-16,1.09E-16,3.12E-19,8.01E-20
636.56,2.34E-16,1.10E-16,3.26E-19,8.27E-20
637.01,2.37E-16,1.10E-16,3.41E-19,8.55E-20
637.45,2.39E-16,1.11E-16,3.56E-19,8.82E-20
637.89,2.41E-16,1.12E-16,3.72E-19,9.11E-20
638.33,2.44E-16,1.13E-16,3.89E-19,9.41E-20
638.78,2.46E-16,1.14E-16,4.07E-19,9.72E-20
639.22,2.48E-16,1.16E-16,4.26E-19,1.00E-19
639.66,2.51E-16,1.17E-16,4.45E-19,1.04E-19
640.11,2.54E-16,1.18E-16,4.65E-19,1.07E-19
640.55,2.56E-16,1.19E-16,4.87E-19,1.11E-19
640.99,2.59E-16,1.20E-16,5.08E-19,1.14E-19
641.43,2.62E-16,1.21E-16,5.31E-19,1.18E-19
641.88,2.65E-16,1.22E-16,5.56E-19,1.22E-19
642.32,2.67E-16,1.23E-16,5.81E-19,1.26E-19
642.76,2.70E-16,1.24E-16,6.07E-19,1.30E-19
643.2,2.72E-16,1.25E-16,6.35E-19,1.34E-19
643.65,2.75E-16,1.26E-16,6.64E-19,1.39E-19
644.09,2.77E-16,1.27E-16,6.94E-19,1.43E-19
644.53,2.79E-16,1.28E-16,7.26E-19,1.48E-19
644.97,2.81E-16,1.29E-16,7.59E-19,1.53E-19
645.42,2.84E-16,1.30E-16,7.94E-19,1.58E-19
645.86,2.86E-16,1.31E-16,8.29E-19,1.63E-19
646.3,2.88E-16,1.32E-16,8.67E-19,1.68E-19
646.74,2.90E-16,1.32E-16,9.06E-19,1.74E-19
647.18,2.92E-16,1.33E-16,9.47E-19,1.79E-19
647.63,2.94E-16,1.34E-16,9.91E-19,1.85E-19
648.07,2.97E-16,1.35E-16,1.04E-18,1.91E-19
648.51,2.99E-16,1.36E-16,1.08E-18,1.97E-19
648.95,3.01E-16,1.37E-16,1.13E-18,2.04E-19
649.4,3.03E-16,1.38E-16,1.18E-18,2.11E-19
649.84,3.05E-16,1.39E-16,1.24E-18,2.17E-19
650.28,3.07E-16,1.39E-16,1.29E-18,2.25E-19
650.72,3.09E-16,1.40E-16,1.35E-18,2.32E-19
651.16,3.11E-16,1.41E-16,1.41E-18,2.39E-19
651.61,3.13E-16,1.43E-16,1.48E-18,2.47E-19
652.05,3.15E-16,1.44E-16,1.54E-18,2.55E-19
652.49,3.17E-16,1.45E-16,1.61E-18,2.64E-19
652.93,3.18E-16,1.46E-16,1.69E-18,2.72E-19
653.37,3.19E-16,1.47E-16,1.76E-18,2.81E-19
653.82,3.19E-16,1.48E-16,1.85E-18,2.91E-19
654.26,3.20E-16,1.50E-16,1.93E-18,3.00E-19
654.7,3.21E-16,1.51E-16,2.02E-18,3.10E-19
655.14,3.22E-16,1.52E-16,2.11E-18,3.20E-19
655.58,3.23E-16,1.53E-16,2.20E-18,3.30E-19
656.02,3.24E-16,1.54E-16,2.30E-18,3.41E-19
656.47,3.24E-16,1.55E-16,2.41E-18,3.52E-19
656.91,3.24E-16,1.57E-16,2.52E-18,3.64E-19
657.35,3.25E-16,1.58E-16,2.63E-18,3.76E-19
657.79,3.25E-16,1.59E-16,2.75E-18,3.88E-19
658.23,3.25E-16,1.60E-16,2.87E-18,4.01E-19
658.67,3.25E-16,1.61E-16,3.00E-18,4.14E-19
659.12,3.25E-16,1.62E-16,3.14E-18,4.27E-19
659.56,3.25E-16,1.63E-16,3.29E-18,4.41E-19
660,3.25E-16,1.64E-16,3.43E-18,4.56E-19
660.44,3.24E-16,1.64E-16,3.59E-18,4.71E-19
660.88,3.23E-16,1.65E-16,3.75E-18,4.86E-19
661.32,3.22E-16,1.66E-16,3.92E-18,5.02E-19
661.76,3.21E-16,1.67E-16,4.10E-18,5.18E-19
662.2,3.20E-16,1.68E-16,4.28E-18,5.35E-19
662.65,3.19E-16,1.69E-16,4.48E-18,5.53E-19
663.09,3.17E-16,1.70E-16,4.68E-18,5.71E-19
663.53,3.15E-16,1.72E-16,4.90E-18,5.89E-19
663.97,3.12E-16,1.73E-16,5.12E-18,6.09E-19
664.41,3.10E-16,1.74E-16,5.35E-18,6.28E-19
664.85,3.07E-16,1.75E-16,5.59E-18,6.49E-19
665.29,3.04E-16,1.76E-16,5.84E-18,6.70E-19
665.73,3.01E-16,1.77E-16,6.11E-18,6.92E-19
666.17,2.97E-16,1.78E-16,6.38E-18,7.14E-19
666.62,2.93E-16,1.79E-16,6.68E-18,7.38E-19
667.06,2.90E-16,1.80E-16,6.98E-18,7.62E-19
667.5,2.87E-16,1.81E-16,7.30E-18,7.87E-19
667.94,2.83E-16,1.82E-16,7.63E-18,8.13E-19
668.38,2.78E-16,1.84E-16,7.97E-18,8.39E-19
668.82,2.74E-16,1.84E-16,8.33E-18,8.66E-19
669.26,2.71E-16,1.85E-16,8.71E-18,8.95E-19
669.7,2.65E-16,1.87E-16,9.10E-18,9.24E-19
670.14,2.59E-16,1.89E-16,9.51E-18,9.54E-19
670.58,2.56E-16,1.89E-16,9.94E-18,9.85E-19
671.02,2.51E-16,1.90E-16,1.04E-17,1.02E-18
671.46,2.46E-16,1.92E-16,1.09E-17,1.05E-18
671.91,2.40E-16,1.94E-16,1.14E-17,1.08E-18
672.35,2.35E-16,1.95E-16,1.19E-17,1.12E-18
672.79,2.31E-16,1.95E-16,1.24E-17,1.16E-18
673.23,2.26E-16,1.96E-16,1.30E-17,1.19E-18
673.67,2.19E-16,1.98E-16,1.36E-17,1.23E-18
674.11,2.14E-16,1.99E-16,1.42E-17,1.27E-18
674.55,2.09E-16,1.99E-16,1.48E-17,1.31E-18
674.99,2.04E-16,2.00E-16,1.55E-17,1.36E-18
675.43,1.98E-16,2.01E-16,1.62E-17,1.40E-18
675.87,1.91E-16,2.02E-16,1.69E-17,1.45E-18
676.31,1.85E-16,2.03E-16,1.77E-17,1.49E-18
676.75,1.80E-16,2.04E-16,1.85E-17,1.54E-18
677.19,1.75E-16,2.04E-16,1.93E-17,1.59E-18
677.63,1.68E-16,2.05E-16,2.02E-17,1.65E-18
678.07,1.61E-16,2.07E-16,2.11E-17,1.70E-18
678.51,1.55E-16,2.08E-16,2.21E-17,1.75E-18
678.95,1.51E-16,2.08E-16,2.31E-17,1.81E-18
679.39,1.44E-16,2.10E-16,2.41E-17,1.87E-18
679.83,1.36E-16,2.11E-16,2.52E-17,1.93E-18
680.27,1.31E-16,2.12E-16,2.40E-17,1.99E-18
680.71,1.27E-16,2.13E-16,2.49E-17,2.06E-18
681.15,1.23E-16,2.13E-16,2.57E-17,2.13E-18
681.59,1.18E-16,2.14E-16,2.68E-17,2.20E-18
682.03,1.13E-16,2.15E-16,2.80E-17,2.27E-18
682.47,1.07E-16,2.16E-16,2.92E-17,2.34E-18
682.91,1.03E-16,2.17E-16,3.04E-17,2.42E-18
683.35,9.92E-17,2.17E-16,3.16E-17,2.50E-18
683.79,9.54E-17,2.18E-16,3.27E-17,2.58E-18
684.23,9.10E-17,2.19E-16,3.41E-17,2.66E-18
684.67,8.65E-17,2.21E-16,3.55E-17,2.75E-18
685.11,8.22E-17,2.22E-16,3.68E-17,2.84E-18
685.55,7.84E-17,2.23E-16,3.82E-17,2.93E-18
685.99,7.53E-17,2.24E-16,3.96E-17,3.02E-18
686.43,7.22E-17,2.24E-16,4.18E-17,3.12E-18
686.87,6.91E-17,2.25E-16,4.42E-17,3.22E-18
687.31,6.58E-17,2.26E-16,4.66E-17,3.33E-18
687.75,6.26E-17,2.28E-16,4.93E-17,3.44E-18
688.19,5.98E-17,2.29E-16,5.19E-17,3.55E-18
688.63,5.72E-17,2.30E-16,5.45E-17,3.67E-18
689.07,5.45E-17,2.31E-16,5.72E-17,3.78E-18
689.51,5.19E-17,2.32E-16,5.98E-17,3.91E-18
689.95,4.93E-17,2.33E-16,6.26E-17,4.04E-18
690.39,4.66E-17,2.34E-16,6.58E-17,4.17E-18
690.83,4.42E-17,2.35E-16,6.91E-17,4.30E-18
691.27,4.18E-17,2.36E-16,7.22E-17,4.44E-18
691.7,3.96E-17,2.37E-16,7.53E-17,4.58E-18
692.14,3.82E-17,2.38E-16,7.84E-17,4.73E-18
692.58,3.68E-17,2.39E-16,8.22E-17,4.89E-18
693.02,3.55E-17,2.40E-16,8.65E-17,5.05E-18
693.46,3.41E-17,2.40E-16,9.10E-17,5.21E-18
693.9,3.27E-17,2.41E-16,9.54E-17,5.38E-18
694.34,3.16E-17,2.42E-16,9.92E-17,5.56E-18
694.78,3.04E-17,2.43E-16,1.03E-16,5.74E-18
695.22,2.91E-17,2.44E-16,1.07E-16,5.92E-18
695.66,2.79E-17,2.44E-16,1.13E-16,6.12E-18
696.1,2.67E-17,2.45E-16,1.18E-16,6.32E-18
696.54,2.55E-17,2.46E-16,1.23E-16,6.52E-18
696.97,2.44E-17,2.46E-16,1.27E-16,6.73E-18
697.41,2.34E-17,2.47E-16,1.31E-16,6.95E-18
697.85,2.24E-17,2.47E-16,1.36E-16,7.17E-18
698.29,2.14E-17,2.48E-16,1.44E-16,7.41E-18
698.73,2.05E-17,2.49E-16,1.51E-16,7.65E-18
699.17,1.96E-17,2.49E-16,1.55E-16,7.90E-18
699.61,1.87E-17,2.50E-16,1.61E-16,8.15E-18
700.05,1.79E-17,2.50E-16,1.75E-16,8.42E-18
700.49,1.72E-17,2.51E-16,1.76E-16,8.69E-18
700.92,1.64E-17,2.51E-16,1.78E-16,8.97E-18
701.36,1.57E-17,2.52E-16,1.80E-16,9.26E-18
701.8,1.50E-17,2.52E-16,1.91E-16,9.56E-18
702.24,1.44E-17,2.52E-16,1.98E-16,9.88E-18
702.68,1.38E-17,2.51E-16,2.04E-16,1.02E-17
703.12,1.32E-17,2.51E-16,2.09E-16,1.05E-17
703.56,1.26E-17,2.51E-16,2.14E-16,1.09E-17
703.99,1.21E-17,2.51E-16,2.19E-16,1.12E-17
704.43,1.15E-17,2.51E-16,2.26E-16,1.16E-17
704.87,1.10E-17,2.51E-16,2.31E-16,1.20E-17
705.31,1.06E-17,2.51E-16,2.35E-16,1.23E-17
705.75,1.01E-17,2.51E-16,2.40E-16,1.28E-17
706.19,9.68E-18,2.51E-16,2.46E-16,1.32E-17
706.62,9.27E-18,2.51E-16,2.51E-16,1.36E-17
707.06,8.87E-18,2.51E-16,2.56E-16,1.40E-17
707.5,8.48E-18,2.51E-16,2.59E-16,1.45E-17
707.94,8.12E-18,2.50E-16,2.65E-16,1.50E-17
708.38,7.76E-18,2.49E-16,2.71E-16,1.54E-17
708.82,7.43E-18,2.48E-16,2.74E-16,1.59E-17
709.25,7.11E-18,2.47E-16,2.78E-16,1.65E-17
709.69,6.81E-18,2.46E-16,2.83E-16,1.70E-17
710.13,6.51E-18,2.45E-16,2.87E-16,1.75E-17
710.57,6.23E-18,2.44E-16,2.90E-16,1.81E-17
711.01,5.96E-18,2.42E-16,2.93E-16,1.87E-17
711.44,5.71E-18,2.41E-16,2.97E-16,1.93E-17
711.88,5.46E-18,2.40E-16,3.01E-16,1.99E-17
712.32,5.23E-18,2.39E-16,3.04E-16,2.06E-17
712.76,5.00E-18,2.37E-16,3.07E-16,2.12E-17
713.2,4.78E-18,2.36E-16,3.10E-16,2.19E-17
713.63,4.58E-18,2.35E-16,3.12E-16,2.26E-17
714.07,4.38E-18,2.33E-16,3.15E-16,2.34E-17
714.51,4.19E-18,2.32E-16,3.17E-16,2.41E-17
714.95,4.01E-18,2.30E-16,3.19E-16,2.49E-17
715.39,3.84E-18,2.28E-16,3.20E-16,2.57E-17
715.82,3.68E-18,2.26E-16,3.21E-16,2.65E-17
716.26,3.52E-18,2.24E-16,3.22E-16,2.74E-17
716.7,3.37E-18,2.22E-16,3.23E-16,2.83E-17
717.14,3.22E-18,2.20E-16,3.24E-16,2.92E-17
717.57,3.08E-18,2.18E-16,3.25E-16,3.02E-17
718.01,2.95E-18,2.16E-16,3.25E-16,3.11E-17
718.45,2.82E-18,2.14E-16,3.25E-16,3.21E-17
718.89,2.70E-18,2.12E-16,3.25E-16,3.32E-17
719.32,2.59E-18,2.08E-16,3.25E-16,3.43E-17
719.76,2.47E-18,2.04E-16,3.25E-16,3.54E-17
720.2,2.37E-18,2.01E-16,3.25E-16,3.55E-17
720.64,2.27E-18,1.99E-16,3.24E-16,3.71E-17
721.07,2.17E-18,1.96E-16,3.24E-16,3.87E-17
721.51,2.08E-18,1.94E-16,3.24E-16,4.04E-17
721.95,1.99E-18,1.91E-16,3.23E-16,4.20E-17
722.39,1.90E-18,1.89E-16,3.22E-16,4.36E-17
722.82,1.82E-18,1.86E-16,3.21E-16,4.50E-17
723.26,1.74E-18,1.83E-16,3.20E-16,4.65E-17
723.7,1.67E-18,1.79E-16,3.19E-16,4.80E-17
724.14,1.59E-18,1.77E-16,3.19E-16,4.94E-17
724.57,1.53E-18,1.74E-16,3.18E-16,5.09E-17
725.01,1.46E-18,1.71E-16,3.17E-16,5.23E-17
725.45,1.40E-18,1.68E-16,3.15E-16,5.38E-17
725.88,1.34E-18,1.65E-16,3.13E-16,5.52E-17
726.32,1.28E-18,1.62E-16,3.11E-16,5.71E-17
726.76,1.22E-18,1.59E-16,3.09E-16,5.92E-17
727.19,1.17E-18,1.56E-16,3.07E-16,6.11E-17
727.63,1.12E-18,1.53E-16,3.05E-16,6.32E-17
728.07,1.07E-18,1.50E-16,3.03E-16,6.51E-17
728.51,1.03E-18,1.46E-16,3.01E-16,6.75E-17
728.94,9.84E-19,1.43E-16,2.99E-16,7.02E-17
729.38,9.41E-19,1.40E-16,2.97E-16,7.28E-17
729.82,9.01E-19,1.36E-16,2.94E-16,7.55E-17
730.25,8.63E-19,1.33E-16,2.92E-16,7.82E-17
730.69,8.25E-19,1.29E-16,2.90E-16,8.09E-17
731.13,7.90E-19,1.26E-16,2.88E-16,8.31E-17
731.56,7.56E-19,1.22E-16,2.86E-16,8.54E-17
732,7.24E-19,1.19E-16,2.84E-16,8.76E-17
732.44,6.92E-19,1.17E-16,2.81E-16,8.99E-17
732.87,6.63E-19,1.15E-16,2.79E-16,9.21E-17
733.31,6.34E-19,1.13E-16,2.77E-16,9.43E-17
733.75,6.07E-19,1.10E-16,2.75E-16,9.66E-17
734.18,5.81E-19,1.08E-16,2.72E-16,9.88E-17
734.62,5.56E-19,1.06E-16,2.70E-16,1.01E-16
735.06,5.32E-19,1.03E-16,2.67E-16,1.03E-16
735.49,5.10E-19,1.01E-16,2.65E-16,1.06E-16
735.93,4.87E-19,9.88E-17,2.62E-16,1.08E-16
736.36,4.67E-19,9.66E-17,2.59E-16,1.10E-16
736.8,4.47E-19,9.43E-17,2.56E-16,1.13E-16
737.24,4.27E-19,9.21E-17,2.54E-16,1.15E-16
737.67,4.09E-19,8.99E-17,2.51E-16,1.17E-16
738.11,3.92E-19,8.76E-17,2.48E-16,1.19E-16
738.55,3.75E-19,8.54E-17,2.46E-16,1.22E-16
738.98,3.59E-19,8.31E-17,2.44E-16,1.26E-16
739.42,3.43E-19,8.09E-17,2.41E-16,1.29E-16
739.85,3.29E-19,7.82E-17,2.39E-16,1.33E-16
740.29,3.15E-19,7.55E-17,2.37E-16,1.36E-16
740.73,3.01E-19,7.28E-17,2.34E-16,1.40E-16
741.16,2.88E-19,7.02E-17,2.32E-16,1.43E-16
741.6,2.76E-19,6.75E-17,2.29E-16,1.46E-16
742.04,2.64E-19,6.51E-17,2.27E-16,1.50E-16
742.47,2.53E-19,6.32E-17,2.25E-16,1.53E-16
742.91,2.42E-19,6.11E-17,2.22E-16,1.56E-16
743.34,2.32E-19,5.92E-17,2.20E-16,1.59E-16
743.78,2.22E-19,5.71E-17,2.18E-16,1.62E-16
744.21,2.12E-19,5.52E-17,2.16E-16,1.65E-16
744.65,2.03E-19,5.38E-17,2.13E-16,1.68E-16
745.09,1.94E-19,5.23E-17,2.11E-16,1.71E-16
745.52,1.86E-19,5.09E-17,2.09E-16,1.74E-16
745.96,1.78E-19,4.94E-17,2.07E-16,1.77E-16
746.39,1.70E-19,4.80E-17,2.05E-16,1.79E-16
746.83,1.63E-19,4.65E-17,2.03E-16,1.83E-16
747.27,1.56E-19,4.50E-17,2.01E-16,1.86E-16
747.7,1.49E-19,4.36E-17,1.98E-16,1.89E-16
748.14,1.43E-19,4.20E-17,1.96E-16,1.91E-16
748.57,1.37E-19,4.04E-17,1.94E-16,1.94E-16
749.01,1.31E-19,3.87E-17,1.92E-16,1.96E-16
749.44,1.25E-19,3.71E-17,1.90E-16,1.99E-16
749.88,1.20E-19,3.55E-17,1.88E-16,2.01E-16
750.31,1.15E-19,3.27E-17,1.86E-16,2.04E-16
750.75,1.10E-19,3.17E-17,1.84E-16,2.08E-16
751.18,1.05E-19,3.07E-17,1.82E-16,2.12E-16
751.62,1.01E-19,2.97E-17,1.80E-16,2.14E-16
752.06,9.64E-20,2.88E-17,1.79E-16,2.16E-16
752.49,9.23E-20,2.79E-17,1.77E-16,2.18E-16
752.93,8.83E-20,2.70E-17,1.76E-16,2.20E-16
753.36,8.46E-20,2.62E-17,1.74E-16,2.22E-16
753.8,8.09E-20,2.54E-17,1.73E-16,2.24E-16
754.23,7.75E-20,2.46E-17,1.71E-16,2.26E-16
754.67,7.42E-20,2.38E-17,1.70E-16,2.28E-16
755.1,7.10E-20,2.31E-17,1.68E-16,2.30E-16
755.54,6.80E-20,2.24E-17,1.67E-16,2.32E-16
755.97,6.51E-20,2.17E-17,1.65E-16,2.33E-16
756.41,6.23E-20,2.10E-17,1.64E-16,2.35E-16
756.84,5.96E-20,2.03E-17,1.63E-16,2.36E-16
757.28,5.71E-20,1.97E-17,1.61E-16,2.37E-16
757.71,5.46E-20,1.91E-17,1.60E-16,2.39E-16
758.15,5.23E-20,1.85E-17,1.59E-16,2.40E-16
758.58,5.01E-20,1.79E-17,1.57E-16,2.41E-16
759.02,4.79E-20,1.74E-17,1.56E-16,2.42E-16
759.45,4.59E-20,1.68E-17,1.55E-16,2.44E-16
759.89,4.39E-20,1.63E-17,1.54E-16,2.45E-16
760.32,4.20E-20,1.58E-17,1.53E-16,2.46E-16
760.76,4.02E-20,1.53E-17,1.52E-16,2.47E-16
761.19,3.85E-20,1.48E-17,1.51E-16,2.48E-16
761.63,3.69E-20,1.43E-17,1.50E-16,2.49E-16
762.06,3.53E-20,1.39E-17,1.49E-16,2.50E-16
762.49,3.38E-20,1.35E-17,1.48E-16,2.51E-16
762.93,3.23E-20,1.31E-17,1.47E-16,2.51E-16
763.36,3.10E-20,1.26E-17,1.46E-16,2.51E-16
763.8,2.96E-20,1.23E-17,1.45E-16,2.51E-16
764.23,2.84E-20,1.19E-17,1.44E-16,2.51E-16
764.67,2.72E-20,1.15E-17,1.43E-16,2.51E-16
765.1,2.60E-20,1.11E-17,1.42E-16,2.51E-16
765.54,2.49E-20,1.08E-17,1.42E-16,2.51E-16
765.97,2.38E-20,1.05E-17,1.41E-16,2.51E-16
766.41,2.28E-20,1.01E-17,1.40E-16,2.51E-16
766.84,2.18E-20,9.82E-18,1.39E-16,2.51E-16
767.27,2.09E-20,9.52E-18,1.38E-16,2.51E-16
767.71,2.00E-20,9.22E-18,1.37E-16,2.52E-16
768.14,1.92E-20,8.93E-18,1.37E-16,2.52E-16
768.58,1.83E-20,8.65E-18,1.36E-16,2.52E-16
769.01,1.76E-20,8.38E-18,1.35E-16,2.51E-16
769.45,1.68E-20,8.12E-18,1.34E-16,2.51E-16
769.88,1.61E-20,7.87E-18,1.33E-16,2.50E-16
770.31,1.54E-20,7.63E-18,1.32E-16,2.50E-16
770.75,1.47E-20,7.39E-18,1.31E-16,2.49E-16
771.18,1.41E-20,7.16E-18,1.30E-16,2.49E-16
771.62,1.35E-20,6.93E-18,1.30E-16,2.48E-16
772.05,1.29E-20,6.72E-18,1.29E-16,2.47E-16
772.48,1.24E-20,6.51E-18,1.28E-16,2.47E-16
772.92,1.19E-20,6.31E-18,1.27E-16,2.46E-16
773.35,1.14E-20,6.11E-18,1.26E-16,2.46E-16
773.79,1.09E-20,5.92E-18,1.25E-16,2.45E-16
774.22,1.04E-20,5.74E-18,1.24E-16,2.44E-16
774.65,9.96E-21,5.56E-18,1.23E-16,2.44E-16
775.09,9.53E-21,5.38E-18,1.22E-16,2.43E-16
775.52,9.13E-21,5.22E-18,1.21E-16,2.42E-16
775.95,8.74E-21,5.06E-18,1.19E-16,2.41E-16
776.39,8.36E-21,4.90E-18,1.18E-16,2.40E-16
776.82,8.01E-21,4.75E-18,1.17E-16,2.40E-16
777.26,7.66E-21,4.60E-18,1.16E-16,2.39E-16
777.69,7.34E-21,4.46E-18,1.15E-16,2.38E-16
778.12,7.03E-21,4.32E-18,1.14E-16,2.37E-16
778.56,6.73E-21,4.18E-18,1.13E-16,2.36E-16
778.99,6.44E-21,4.05E-18,1.11E-16,2.35E-16
779.42,6.17E-21,3.93E-18,1.10E-16,2.34E-16
779.86,5.90E-21,3.80E-18,1.09E-16,2.33E-16
780.29,5.65E-21,3.69E-18,1.08E-16,2.32E-16
780.72,5.41E-21,3.57E-18,1.07E-16,2.31E-16
781.16,5.18E-21,3.46E-18,1.06E-16,2.30E-16
781.59,4.96E-21,3.35E-18,1.04E-16,2.29E-16
782.02,4.75E-21,3.25E-18,1.03E-16,2.28E-16
782.46,4.55E-21,3.15E-18,1.02E-16,2.26E-16
782.89,4.35E-21,3.05E-18,1.01E-16,2.25E-16
783.32,4.17E-21,2.96E-18,9.98E-17,2.24E-16
783.76,3.99E-21,2.86E-18,9.87E-17,2.24E-16
784.19,3.82E-21,2.78E-18,9.75E-17,2.23E-16
784.62,3.66E-21,2.69E-18,9.63E-17,2.22E-16
785.06,3.50E-21,2.61E-18,9.50E-17,2.21E-16
785.49,3.35E-21,2.52E-18,9.38E-17,2.19E-16
785.92,3.21E-21,2.45E-18,9.25E-17,2.18E-16
786.36,3.07E-21,2.37E-18,9.12E-17,2.17E-16
786.79,2.94E-21,2.30E-18,9.00E-17,2.17E-16
787.22,2.82E-21,2.23E-18,8.87E-17,2.16E-16
787.65,2.70E-21,2.16E-18,8.75E-17,2.15E-16
788.09,2.58E-21,2.09E-18,8.62E-17,2.14E-16
788.52,2.47E-21,2.02E-18,8.50E-17,2.13E-16
788.95,2.37E-21,1.96E-18,8.37E-17,2.13E-16
789.39,2.27E-21,1.90E-18,8.26E-17,2.12E-16
789.82,2.17E-21,1.84E-18,8.14E-17,2.11E-16
790.25,2.08E-21,1.79E-18,8.02E-17,2.10E-16
790.68,1.99E-21,1.73E-18,7.90E-17,2.08E-16
791.12,1.90E-21,1.68E-18,7.79E-17,2.08E-16
791.55,1.82E-21,1.62E-18,7.67E-17,2.07E-16
791.98,1.75E-21,1.57E-18,7.56E-17,2.05E-16
792.42,1.67E-21,1.52E-18,7.46E-17,2.04E-16
792.85,1.60E-21,1.48E-18,7.34E-17,2.04E-16
793.28,1.53E-21,1.43E-18,7.23E-17,2.03E-16
793.71,1.47E-21,1.39E-18,7.13E-17,2.02E-16
794.15,1.40E-21,1.34E-18,7.02E-17,2.01E-16
794.58,1.34E-21,1.30E-18,6.91E-17,2.00E-16
795.01,1.29E-21,1.26E-18,6.89E-17,1.99E-16
795.44,1.23E-21,1.22E-18,6.79E-17,1.99E-16
795.88,1.18E-21,1.18E-18,6.69E-17,1.98E-16
796.31,1.13E-21,1.15E-18,6.60E-17,1.96E-16
796.74,1.08E-21,1.11E-18,6.50E-17,1.95E-16
797.17,1.04E-21,1.08E-18,6.41E-17,1.95E-16
797.61,9.92E-22,1.04E-18,6.32E-17,1.94E-16
798.04,9.50E-22,1.01E-18,6.23E-17,1.92E-16
798.47,9.10E-22,9.81E-19,6.14E-17,1.90E-16
798.9,8.71E-22,9.51E-19,6.05E-17,1.89E-16
799.33,8.35E-22,9.22E-19,5.97E-17,1.89E-16
799.77,7.98E-22,8.93E-19,5.88E-17,1.87E-16
800.2,7.65E-22,8.65E-19,5.80E-17,1.85E-16
800.63,7.32E-22,8.38E-19,5.71E-17,1.84E-16
801.06,7.01E-22,8.13E-19,5.63E-17,1.84E-16
801.49,6.72E-22,7.87E-19,5.55E-17,1.82E-16
801.93,6.43E-22,7.63E-19,5.47E-17,1.81E-16
802.36,6.15E-22,7.39E-19,5.39E-17,1.80E-16
802.79,5.89E-22,7.16E-19,5.32E-17,1.79E-16
803.22,5.65E-22,6.94E-19,5.24E-17,1.78E-16
803.65,5.41E-22,6.73E-19,5.17E-17,1.77E-16
804.09,5.17E-22,6.52E-19,5.09E-17,1.76E-16
804.52,4.95E-22,6.32E-19,5.02E-17,1.75E-16
804.95,4.74E-22,6.12E-19,4.95E-17,1.74E-16
805.38,4.54E-22,5.93E-19,4.88E-17,1.73E-16
805.81,4.35E-22,5.75E-19,4.81E-17,1.72E-16
806.25,4.16E-22,5.57E-19,4.74E-17,1.70E-16
806.68,3.99E-22,5.40E-19,4.67E-17,1.69E-16
807.11,3.82E-22,5.23E-19,4.61E-17,1.68E-16
807.54,3.66E-22,5.07E-19,4.54E-17,1.67E-16
807.97,3.50E-22,4.91E-19,4.48E-17,1.66E-16
808.4,3.35E-22,4.76E-19,4.41E-17,1.65E-16
808.83,3.21E-22,4.61E-19,4.35E-17,1.64E-16
809.27,3.07E-22,4.47E-19,4.29E-17,1.64E-16
809.7,2.94E-22,4.33E-19,4.22E-17,1.63E-16
810.13,2.82E-22,4.20E-19,4.16E-17,1.62E-16
810.56,2.70E-22,4.07E-19,4.11E-17,1.61E-16
810.99,2.59E-22,3.94E-19,4.05E-17,1.60E-16
811.42,2.48E-22,3.82E-19,3.99E-17,1.59E-16
811.85,2.37E-22,3.70E-19,3.93E-17,1.58E-16
812.29,2.27E-22,3.59E-19,3.88E-17,1.57E-16
812.72,2.17E-22,3.48E-19,3.82E-17,1.55E-16
813.15,2.08E-22,3.37E-19,3.77E-17,1.54E-16
813.58,1.99E-22,3.27E-19,3.71E-17,1.53E-16
814.01,1.91E-22,3.16E-19,3.66E-17,1.52E-16
814.44,1.83E-22,3.07E-19,3.61E-17,1.51E-16
814.87,1.75E-22,2.97E-19,3.56E-17,1.50E-16
815.3,1.68E-22,2.88E-19,3.51E-17,1.48E-16
815.74,1.60E-22,2.79E-19,3.46E-17,1.47E-16
816.17,1.54E-22,2.70E-19,3.41E-17,1.46E-16
816.6,1.47E-22,2.62E-19,3.36E-17,1.45E-16
817.03,1.41E-22,2.54E-19,3.31E-17,1.44E-16
817.46,1.35E-22,2.46E-19,3.26E-17,1.43E-16
817.89,1.29E-22,2.39E-19,3.22E-17,1.41E-16
818.32,1.24E-22,2.31E-19,3.17E-17,1.40E-16
818.75,1.19E-22,2.24E-19,3.13E-17,1.39E-16
819.18,1.14E-22,2.17E-19,3.08E-17,1.39E-16
819.61,1.09E-22,2.10E-19,3.04E-17,1.38E-16
820.04,1.04E-22,2.04E-19,2.99E-17,1.37E-16
820.48,9.97E-23,1.98E-19,2.95E-17,1.36E-16
820.91,9.54E-23,1.91E-19,2.91E-17,1.35E-16
821.34,9.14E-23,1.86E-19,2.87E-17,1.34E-16
821.77,8.75E-23,1.80E-19,2.83E-17,1.33E-16
822.2,8.38E-23,1.74E-19,2.79E-17,1.32E-16
822.63,8.03E-23,1.69E-19,2.75E-17,1.32E-16
823.06,7.69E-23,1.64E-19,2.71E-17,1.31E-16
823.49,7.37E-23,1.59E-19,2.67E-17,1.30E-16
823.92,7.05E-23,1.54E-19,2.63E-17,1.29E-16
824.35,6.76E-23,1.49E-19,2.59E-17,1.28E-16
824.78,6.47E-23,1.44E-19,2.56E-17,1.27E-16
825.21,6.20E-23,1.40E-19,2.52E-17,1.26E-16
825.64,5.93E-23,1.36E-19,2.49E-17,1.25E-16
826.07,5.68E-23,1.32E-19,2.45E-17,1.24E-16
826.5,5.44E-23,1.27E-19,2.41E-17,1.23E-16
826.93,5.21E-23,1.24E-19,2.38E-17,1.22E-16
827.36,4.99E-23,1.20E-19,2.35E-17,1.21E-16
827.79,4.78E-23,1.16E-19,2.31E-17,1.20E-16
828.22,4.58E-23,1.12E-19,2.28E-17,1.19E-16
828.65,4.39E-23,1.09E-19,2.25E-17,1.18E-16
829.08,4.20E-23,1.06E-19,2.22E-17,1.17E-16
829.51,4.02E-23,1.02E-19,2.18E-17,1.16E-16
829.95,3.85E-23,9.91E-20,2.15E-17,1.14E-16
830.38,3.69E-23,9.61E-20,2.12E-17,1.13E-16
830.81,3.53E-23,9.31E-20,2.09E-17,1.12E-16
831.24,3.38E-23,9.02E-20,2.06E-17,1.11E-16
831.67,3.24E-23,8.75E-20,2.03E-17,1.10E-16
832.1,3.10E-23,8.48E-20,2.00E-17,1.10E-16
832.53,2.97E-23,8.22E-20,1.98E-17,1.09E-16
832.96,2.84E-23,7.96E-20,1.95E-17,1.08E-16
833.39,2.72E-23,7.72E-20,1.92E-17,1.07E-16
833.81,2.61E-23,7.48E-20,1.89E-17,1.06E-16
834.24,2.50E-23,7.25E-20,1.87E-17,1.05E-16
834.67,2.40E-23,7.03E-20,1.84E-17,1.04E-16
835.1,2.29E-23,6.81E-20,1.81E-17,1.03E-16
835.53,2.20E-23,6.60E-20,1.79E-17,1.03E-16
835.96,2.10E-23,6.40E-20,1.76E-17,1.02E-16
836.39,2.02E-23,6.20E-20,1.74E-17,1.01E-16
836.82,1.93E-23,6.01E-20,1.71E-17,9.97E-17
837.25,1.85E-23,5.83E-20,1.69E-17,9.87E-17
837.68,1.77E-23,5.65E-20,1.66E-17,9.78E-17
838.11,1.70E-23,5.47E-20,1.64E-17,9.68E-17
838.54,1.62E-23,5.30E-20,1.62E-17,9.59E-17
838.97,1.55E-23,5.14E-20,1.59E-17,9.49E-17
839.4,1.49E-23,4.98E-20,1.57E-17,9.39E-17
839.83,1.43E-23,4.83E-20,1.55E-17,9.30E-17
840.26,1.37E-23,4.68E-20,1.53E-17,9.20E-17
840.69,1.31E-23,4.54E-20,1.51E-17,9.11E-17
841.12,1.25E-23,4.40E-20,1.48E-17,9.02E-17
841.55,1.20E-23,4.26E-20,1.46E-17,8.93E-17
841.98,1.15E-23,4.13E-20,1.44E-17,8.83E-17
842.41,1.10E-23,4.00E-20,1.42E-17,8.73E-17
842.84,1.05E-23,3.88E-20,1.40E-17,8.63E-17
843.26,1.01E-23,3.76E-20,1.38E-17,8.53E-17
843.69,9.68E-24,3.65E-20,1.36E-17,8.41E-17
844.12,9.27E-24,3.53E-20,1.34E-17,8.30E-17
844.55,8.88E-24,3.42E-20,1.32E-17,8.19E-17
844.98,8.50E-24,3.32E-20,1.31E-17,8.08E-17
845.41,8.14E-24,3.22E-20,1.29E-17,7.97E-17
845.84,7.80E-24,3.12E-20,1.27E-17,7.87E-17
846.27,7.47E-24,3.02E-20,1.25E-17,7.81E-17
846.7,7.15E-24,2.93E-20,1.23E-17,7.75E-17
847.13,6.85E-24,2.84E-20,1.22E-17,7.68E-17
847.56,6.56E-24,2.75E-20,1.20E-17,7.62E-17
847.98,6.29E-24,2.67E-20,1.18E-17,7.55E-17
848.41,6.02E-24,2.58E-20,1.16E-17,7.48E-17
848.84,5.77E-24,2.51E-20,1.15E-17,7.41E-17
849.27,5.52E-24,2.43E-20,1.13E-17,7.34E-17
849.7,5.29E-24,2.35E-20,1.12E-17,7.28E-17
850.13,5.07E-24,2.28E-20,1.10E-17,7.20E-17
850.56,4.85E-24,2.21E-20,1.08E-17,7.12E-17
850.99,4.65E-24,2.14E-20,1.07E-17,7.04E-17
851.41,4.46E-24,2.08E-20,1.05E-17,6.96E-17
851.84,4.27E-24,2.01E-20,1.04E-17,6.88E-17
852.27,4.09E-24,1.95E-20,1.02E-17,6.80E-17
852.7,3.91E-24,1.89E-20,1.01E-17,6.72E-17
853.13,3.75E-24,1.83E-20,9.95E-18,6.64E-17
853.56,3.59E-24,1.78E-20,9.81E-18,6.55E-17
853.99,3.44E-24,1.72E-20,9.67E-18,6.47E-17
854.41,3.30E-24,1.67E-20,9.54E-18,6.38E-17
854.84,3.16E-24,1.62E-20,9.40E-18,6.32E-17
855.27,3.02E-24,1.57E-20,9.27E-18,6.26E-17
855.7,2.90E-24,1.52E-20,9.14E-18,6.19E-17
856.13,2.77E-24,1.47E-20,9.01E-18,6.13E-17
856.56,2.66E-24,1.43E-20,8.88E-18,6.06E-17
856.98,2.55E-24,1.38E-20,8.75E-18,6.00E-17
857.41,2.44E-24,1.34E-20,8.63E-18,5.93E-17
857.84,2.34E-24,1.30E-20,8.51E-18,5.87E-17
858.27,2.24E-24,1.26E-20,8.39E-18,5.81E-17
858.7,2.14E-24,1.22E-20,8.27E-18,5.74E-17
859.13,2.05E-24,1.18E-20,8.15E-18,5.68E-17
859.55,1.97E-24,1.15E-20,8.04E-18,5.61E-17
859.98,1.88E-24,1.11E-20,7.92E-18,5.55E-17
860.41,1.80E-24,1.08E-20,7.81E-18,5.49E-17
860.84,1.73E-24,1.05E-20,7.70E-18,5.42E-17
861.27,1.65E-24,1.01E-20,7.59E-18,5.36E-17
861.69,1.59E-24,9.83E-21,7.48E-18,5.30E-17
862.12,1.52E-24,9.53E-21,7.38E-18,5.23E-17
862.55,1.45E-24,9.23E-21,7.27E-18,5.17E-17
862.98,1.39E-24,8.95E-21,7.17E-18,5.11E-17
863.41,1.33E-24,8.67E-21,7.07E-18,5.05E-17
863.83,1.28E-24,8.41E-21,6.97E-18,4.99E-17
864.26,1.23E-24,8.15E-21,6.87E-18,4.92E-17
864.69,1.17E-24,7.90E-21,6.77E-18,4.86E-17
865.12,1.12E-24,7.66E-21,6.68E-18,4.80E-17
865.54,1.08E-24,7.43E-21,6.58E-18,4.74E-17
865.97,1.03E-24,7.20E-21,6.49E-18,4.68E-17
866.4,9.88E-25,6.97E-21,6.40E-18,4.63E-17
866.83,9.46E-25,6.76E-21,6.31E-18,4.57E-17
867.26,9.06E-25,6.55E-21,6.22E-18,4.52E-17
867.68,8.69E-25,6.35E-21,6.13E-18,4.46E-17
868.11,8.32E-25,6.16E-21,6.04E-18,4.40E-17
868.54,7.97E-25,5.97E-21,5.96E-18,4.35E-17
868.97,7.63E-25,5.78E-21,5.87E-18,4.30E-17
869.39,7.32E-25,5.61E-21,5.79E-18,4.25E-17
869.82,7.01E-25,5.44E-21,5.71E-18,4.20E-17
870.25,6.71E-25,5.27E-21,5.63E-18,4.16E-17
870.68,6.43E-25,5.11E-21,5.55E-18,4.11E-17
871.1,6.16E-25,4.95E-21,5.47E-18,4.06E-17
871.53,5.90E-25,4.80E-21,5.39E-18,4.01E-17
871.96,5.65E-25,4.65E-21,5.32E-18,3.96E-17
872.38,5.42E-25,4.51E-21,5.24E-18,3.92E-17
872.81,5.19E-25,4.37E-21,5.17E-18,3.87E-17
873.24,4.97E-25,4.24E-21,5.09E-18,3.82E-17
873.67,4.76E-25,4.11E-21,5.02E-18,3.77E-17
874.09,4.56E-25,3.98E-21,4.95E-18,3.72E-17
874.52,4.37E-25,3.86E-21,4.88E-18,3.68E-17
874.95,4.18E-25,3.74E-21,4.81E-18,3.63E-17
875.37,4.01E-25,3.63E-21,4.75E-18,3.58E-17
875.8,3.84E-25,3.52E-21,4.68E-18,3.54E-17
876.23,3.68E-25,3.41E-21,4.61E-18,3.49E-17
876.66,3.52E-25,3.30E-21,4.55E-18,3.45E-17
877.08,3.38E-25,3.20E-21,4.48E-18,3.41E-17
877.51,3.24E-25,3.11E-21,4.42E-18,3.37E-17
877.94,3.10E-25,3.01E-21,4.36E-18,3.34E-17
878.36,2.97E-25,2.92E-21,4.30E-18,3.31E-17
878.79,2.85E-25,2.83E-21,4.24E-18,3.28E-17
879.22,2.72E-25,2.74E-21,4.18E-18,3.25E-17
879.64,2.61E-25,2.66E-21,4.12E-18,3.22E-17
880.07,2.50E-25,2.58E-21,4.06E-18,3.18E-17
880.5,2.40E-25,2.50E-21,4.00E-18,3.15E-17
880.92,2.30E-25,2.42E-21,3.95E-18,3.11E-17
881.35,2.20E-25,2.35E-21,3.89E-18,3.08E-17
881.78,2.11E-25,2.28E-21,3.83E-18,3.05E-17
882.2,2.02E-25,2.21E-21,3.78E-18,3.01E-17
882.63,1.93E-25,2.14E-21,3.73E-18,2.98E-17
883.06,1.85E-25,2.07E-21,3.67E-18,2.94E-17
883.48,1.78E-25,2.01E-21,3.62E-18,2.90E-17
883.91,1.70E-25,1.95E-21,3.57E-18,2.87E-17
884.34,1.63E-25,1.89E-21,3.52E-18,2.83E-17
884.76,1.56E-25,1.83E-21,3.47E-18,2.80E-17
885.19,1.50E-25,1.78E-21,3.42E-18,2.76E-17
885.62,1.43E-25,1.72E-21,3.37E-18,2.72E-17
886.04,1.37E-25,1.67E-21,3.33E-18,2.68E-17
886.47,1.32E-25,1.62E-21,3.28E-18,2.65E-17
886.89,1.26E-25,1.57E-21,3.23E-18,2.62E-17
887.32,1.21E-25,1.52E-21,3.19E-18,2.59E-17
887.75,1.16E-25,1.47E-21,3.14E-18,2.56E-17
888.17,1.11E-25,1.43E-21,3.10E-18,2.53E-17
888.6,1.06E-25,1.39E-21,3.06E-18,2.49E-17
889.02,1.02E-25,1.34E-21,3.01E-18,2.46E-17
889.45,9.75E-26,1.30E-21,2.97E-18,2.43E-17
889.88,9.34E-26,1.26E-21,2.93E-18,2.39E-17
890.3,8.95E-26,1.22E-21,2.89E-18,2.36E-17
890.73,8.57E-26,1.19E-21,2.85E-18,2.32E-17
891.16,8.21E-26,1.15E-21,2.81E-18,2.28E-17
891.58,7.87E-26,1.11E-21,2.77E-18,2.25E-17
892.01,7.54E-26,1.08E-21,2.73E-18,2.21E-17
892.43,7.23E-26,1.05E-21,2.69E-18,2.17E-17
892.86,6.92E-26,1.02E-21,2.65E-18,2.13E-17
893.28,6.63E-26,9.85E-22,2.61E-18,2.09E-17
893.71,6.35E-26,9.55E-22,2.58E-18,2.05E-17
894.14,6.09E-26,9.25E-22,2.54E-18,2.01E-17
894.56,5.83E-26,8.97E-22,2.51E-18,1.98E-17
894.99,5.59E-26,8.70E-22,2.47E-18,1.96E-17
895.41,5.36E-26,8.44E-22,2.44E-18,1.94E-17
895.84,5.13E-26,8.18E-22,2.40E-18,1.93E-17
896.26,4.92E-26,7.93E-22,2.37E-18,1.91E-17
896.69,4.71E-26,7.68E-22,2.33E-18,1.89E-17
897.12,4.51E-26,7.45E-22,2.30E-18,1.87E-17
897.54,4.32E-26,7.22E-22,2.27E-18,1.86E-17
897.97,4.14E-26,7.00E-22,2.24E-18,1.84E-17
898.39,3.97E-26,6.79E-22,2.21E-18,1.82E-17
898.82,3.80E-26,6.58E-22,2.17E-18,1.80E-17
899.24,3.65E-26,6.38E-22,2.14E-18,1.78E-17
899.67,3.49E-26,6.19E-22,2.11E-18,1.76E-17
900.09,3.35E-26,6.00E-22,2.08E-18,1.73E-17
900.52,3.21E-26,5.81E-22,2.05E-18,1.71E-17
900.94,3.07E-26,5.64E-22,2.03E-18,1.69E-17
901.37,2.94E-26,5.47E-22,2.00E-18,1.67E-17
901.8,2.82E-26,5.30E-22,1.97E-18,1.65E-17
902.22,2.70E-26,5.14E-22,1.94E-18,1.63E-17
902.65,2.59E-26,4.98E-22,1.91E-18,1.61E-17
903.07,2.48E-26,4.83E-22,1.89E-18,1.58E-17
903.5,2.38E-26,4.68E-22,1.86E-18,1.56E-17
903.92,2.28E-26,4.54E-22,1.83E-18,1.53E-17
904.35,2.18E-26,4.40E-22,1.81E-18,1.51E-17
904.77,2.09E-26,4.27E-22,1.78E-18,1.48E-17
905.2,2.00E-26,4.14E-22,1.76E-18,1.46E-17
905.62,1.92E-26,4.01E-22,1.73E-18,1.43E-17
906.05,1.84E-26,3.89E-22,1.71E-18,1.41E-17
906.47,1.76E-26,3.77E-22,1.69E-18,1.41E-17
906.9,1.69E-26,3.65E-22,1.66E-18,1.40E-17
907.32,1.62E-26,3.54E-22,1.64E-18,1.40E-17
907.75,1.55E-26,3.43E-22,1.62E-18,1.39E-17
908.17,1.49E-26,3.33E-22,1.59E-18,1.38E-17
908.6,1.42E-26,3.23E-22,1.57E-18,1.37E-17
909.02,1.36E-26,3.13E-22,1.55E-18,1.36E-17
909.44,1.31E-26,3.04E-22,1.53E-18,1.35E-17
909.87,1.25E-26,2.94E-22,1.51E-18,1.34E-17
910.29,1.20E-26,2.85E-22,1.48E-18,1.33E-17
910.72,1.15E-26,2.77E-22,1.46E-18,1.32E-17
911.14,1.10E-26,2.68E-22,1.44E-18,1.31E-17
911.57,1.06E-26,2.60E-22,1.42E-18,1.30E-17
911.99,1.01E-26,2.52E-22,1.40E-18,1.29E-17
912.42,9.70E-27,2.44E-22,1.38E-18,1.28E-17
912.84,9.30E-27,2.37E-22,1.36E-18,1.27E-17
913.27,8.90E-27,2.30E-22,1.34E-18,1.26E-17
913.69,8.54E-27,2.23E-22,1.33E-18,1.25E-17
914.12,8.17E-27,2.16E-22,1.31E-18,1.24E-17
914.54,7.84E-27,2.09E-22,1.29E-18,1.22E-17
914.96,7.51E-27,2.03E-22,1.27E-18,1.21E-17
915.39,7.20E-27,1.97E-22,1.25E-18,1.20E-17
915.81,6.90E-27,1.91E-22,1.23E-18,1.19E-17
916.24,6.61E-27,1.85E-22,1.22E-18,1.17E-17
916.66,6.33E-27,1.80E-22,1.20E-18,1.16E-17
917.09,6.07E-27,1.74E-22,1.18E-18,1.15E-17
917.51,5.81E-27,1.69E-22,1.17E-18,1.14E-17
917.93,5.57E-27,1.64E-22,1.15E-18,1.13E-17
918.36,5.34E-27,1.59E-22,1.13E-18,1.11E-17
918.78,5.12E-27,1.54E-22,1.12E-18,1.10E-17
919.21,4.90E-27,1.49E-22,1.10E-18,1.09E-17
919.63,4.70E-27,1.45E-22,1.09E-18,1.08E-17
920.05,4.51E-27,1.40E-22,1.07E-18,1.06E-17
920.48,4.31E-27,1.36E-22,1.06E-18,1.05E-17
920.9,4.14E-27,1.32E-22,1.04E-18,1.04E-17
921.33,3.96E-27,1.28E-22,1.03E-18,1.03E-17
921.75,3.80E-27,1.24E-22,1.01E-18,1.02E-17
922.17,3.64E-27,1.20E-22,9.99E-19,1.01E-17
922.6,3.49E-27,1.16E-22,9.85E-19,9.99E-18
923.02,3.34E-27,1.13E-22,9.71E-19,9.88E-18
923.45,3.20E-27,1.09E-22,9.58E-19,9.78E-18
923.87,3.07E-27,1.06E-22,9.44E-19,9.67E-18
924.29,2.94E-27,1.03E-22,9.31E-19,9.57E-18
924.72,2.82E-27,9.98E-23,9.18E-19,9.46E-18
925.14,2.70E-27,9.68E-23,9.05E-19,9.36E-18
925.56,2.59E-27,9.39E-23,8.93E-19,9.25E-18
925.99,2.48E-27,9.10E-23,8.80E-19,9.14E-18
926.41,2.38E-27,8.83E-23,8.68E-19,9.01E-18
926.83,2.28E-27,8.56E-23,8.56E-19,8.88E-18
927.26,2.18E-27,8.30E-23,8.44E-19,8.75E-18
927.68,2.09E-27,8.05E-23,8.32E-19,8.62E-18
928.1,2.01E-27,7.80E-23,8.20E-19,8.49E-18
928.53,1.92E-27,7.56E-23,8.09E-19,8.36E-18
928.95,1.84E-27,7.34E-23,7.97E-19,8.23E-18
929.37,1.77E-27,7.11E-23,7.86E-19,8.10E-18
929.8,1.69E-27,6.90E-23,7.75E-19,7.97E-18
930.22,1.62E-27,6.69E-23,7.64E-19,8.35E-18
930.64,1.55E-27,6.49E-23,7.54E-19,8.28E-18
931.07,1.49E-27,6.29E-23,7.43E-19,8.22E-18
931.49,1.43E-27,6.10E-23,7.33E-19,8.15E-18
931.91,1.37E-27,5.91E-23,7.23E-19,8.08E-18
932.34,1.31E-27,5.73E-23,7.12E-19,8.02E-18
932.76,1.26E-27,5.56E-23,7.02E-19,7.95E-18
933.18,1.20E-27,5.39E-23,6.93E-19,7.89E-18
933.61,1.15E-27,5.22E-23,6.83E-19,7.82E-18
934.03,1.11E-27,5.07E-23,6.73E-19,7.76E-18
934.45,1.06E-27,4.91E-23,6.64E-19,7.70E-18
934.88,1.02E-27,4.76E-23,6.55E-19,7.64E-18
935.3,9.73E-28,4.62E-23,6.45E-19,7.57E-18
935.72,9.33E-28,4.48E-23,6.36E-19,7.51E-18
936.15,8.94E-28,4.34E-23,6.27E-19,7.45E-18
936.57,8.57E-28,4.21E-23,6.19E-19,7.40E-18
936.99,8.21E-28,4.09E-23,6.10E-19,7.34E-18
937.41,7.87E-28,3.96E-23,6.02E-19,7.28E-18
937.84,7.54E-28,3.84E-23,5.93E-19,7.22E-18
938.26,7.23E-28,3.72E-23,5.85E-19,7.17E-18
938.68,6.93E-28,3.61E-23,5.77E-19,7.11E-18
939.1,6.64E-28,3.50E-23,5.69E-19,7.06E-18
939.53,6.36E-28,3.40E-23,5.61E-19,7.00E-18
939.95,6.10E-28,3.29E-23,5.53E-19,6.95E-18
940.37,5.85E-28,3.19E-23,5.45E-19,6.90E-18
940.8,5.60E-28,3.10E-23,5.37E-19,6.84E-18
941.22,5.37E-28,3.00E-23,5.30E-19,6.79E-18
941.64,5.15E-28,2.91E-23,5.23E-19,6.74E-18
942.06,4.93E-28,2.82E-23,5.15E-19,6.69E-18
942.49,4.73E-28,2.74E-23,5.08E-19,6.64E-18
942.91,4.53E-28,2.65E-23,5.01E-19,6.59E-18
943.33,4.34E-28,2.57E-23,4.94E-19,6.54E-18
943.75,4.16E-28,2.50E-23,4.87E-19,6.49E-18
944.17,3.99E-28,2.42E-23,4.80E-19,6.45E-18
944.6,3.82E-28,2.35E-23,4.74E-19,6.40E-18
945.02,3.67E-28,2.28E-23,4.67E-19,6.35E-18
945.44,3.51E-28,2.21E-23,4.61E-19,6.31E-18
945.86,3.37E-28,2.14E-23,4.54E-19,6.26E-18
946.29,3.23E-28,2.08E-23,4.48E-19,6.21E-18
946.71,3.09E-28,2.01E-23,4.41E-19,6.17E-18
947.13,2.97E-28,1.95E-23,4.35E-19,6.13E-18
947.55,2.84E-28,1.89E-23,4.29E-19,6.08E-18
947.97,2.73E-28,1.84E-23,4.23E-19,6.04E-18
948.4,2.61E-28,1.78E-23,4.17E-19,6.00E-18
948.82,2.50E-28,1.73E-23,4.12E-19,5.95E-18
949.24,2.40E-28,1.67E-23,4.06E-19,5.91E-18
949.66,2.30E-28,1.62E-23,4.00E-19,5.87E-18
